{"cameraMode":{"drawMode":0,"name":"Shaded","section":"Shading Mode"},"sceneLighting":true,"audioPlay":false,"sceneViewState":{"m_AlwaysRefresh":false,"showFog":true,"showSkybox":true,"showFlares":true,"showImageEffects":true,"showParticleSystems":true,"showVisualEffectGraphs":true,"m_FxEnabled":true},"in2DMode":false,"pivot":{"x":430.7892150878906,"y":221.70889282226563,"z":-21.43634033203125},"rotation":{"x":0.161576047539711,"y":0.016277875751256944,"z":-0.0026656396221369507,"w":0.9867240786552429},"size":229.7408905029297,"orthographic":false}